<?xml version="1.0" encoding="UTF-8" standalone="yes"?>
<businessObjectModel xmlns="http://documentation.bonitasoft.com/bdm-xml-schema/1.0" modelVersion="1.0">
    <businessObjects>
        <businessObject qualifiedName="com.company.model.RRHH">
            <fields>
                <field type="LONG" length="255" name="solicitanteId" nullable="false" collection="false"/>
                <field type="INTEGER" length="255" name="calificacionObtenida" nullable="false" collection="false"/>
                <field type="LOCALDATE" length="255" name="fechaInicio" nullable="false" collection="false"/>
                <field type="BOOLEAN" length="255" name="estaApronado" nullable="true" collection="false"/>
            </fields>
            <uniqueConstraints/>
            <queries/>
            <indexes/>
        </businessObject>
    </businessObjects>
</businessObjectModel>
