<?xml version="1.0" encoding="UTF-8" standalone="yes"?>
<businessObjectModel xmlns="http://documentation.bonitasoft.com/bdm-xml-schema/1.0" modelVersion="1.0">
    <businessObjects>
        <businessObject qualifiedName="com.company.model.Publicaciones">
            <fields>
                <field type="TEXT" length="255" name="post" nullable="false" collection="false"/>
            </fields>
            <uniqueConstraints/>
            <queries/>
            <indexes/>
        </businessObject>
        <businessObject qualifiedName="com.company.model.ReporteVentas">
            <fields>
                <field type="BOOLEAN" length="255" name="buenasVentas" nullable="false" collection="false"/>
            </fields>
            <uniqueConstraints/>
            <queries/>
            <indexes/>
        </businessObject>
    </businessObjects>
</businessObjectModel>
